{
  "suggested_threshold_f1": 0.36371100116677874,
  "average_precision": 0.9941789586307784
}